,Perl.Handler,Perl.Keyword,Perl.Params,Perl.ParamCount,Py.Handler,Py.Keyword,Py.Params,Py.ParamCount,Owner,Remarks,Match,Column12,Column13,Column14,Column15,Column16
0,ADBHandler,adbroot,,0,UtilityHandler,runadbcommand,command:timeout:get_output:verify_output,,Hasan,Working is similar,KeywordMatch,,,abortifjobinqueue,,
1,ADBHandler,modifyadbfile,filefullname,1,ADBHandler,modifyadbfile,source:regex:keywd:force_local,0.0,Autogen,,KeywordMatch,,,,,
2,ADBHandler,runadbcommand,command:timeout:InSocket:ue_name,4,UtilityHandler,runadbcommand,command:timeout:get_output:verify_output,4.0,Autogen,,ParamsCountMatch,,,,,
3,ADBHandler,runadbsetprop,command:timeout,2,ADBHandler,runadbsetprop,command:timeout,2.0,Autogen,,ParamsMatch,,,,,
4,ADBHandler,sendadbcommands,ABCD,99,ADBHandler,sendadbcommands,,99.0,,,ParamsMatch,,,,,
5,ADBHandler,startadblogging,(),0,ADBHandler,startadblogging,,0.0,Autogen,,ParamsMatch,,,,,
6,ADBHandler,startandroidscreenrecording,screen_resolution:bit_rate,2,ADBHandler,startandroidscreenrecording,resolution,1.0,Autogen,,KeywordMatch,,,,,
7,ADBHandler,starttcpdumpslog,interface:uename,2,ADBHandler,starttcpdumpslog,size:count:file_size:seconds:interface:tstamptype:snaplen:precision:mode:type:filecount:datalinktype:user,0.0,Autogen,,KeywordMatch,,,,,
8,ADBHandler,stopadblogging,(),0,ADBHandler,stopadblogging,,0.0,Autogen,,ParamsMatch,,,,,
9,ADBHandler,stopandroidscreenrecording,(),0,ADBHandler,stopandroidscreenrecording,,0.0,Autogen,,ParamsMatch,,,,,
10,ADBHandler,stoptcpdumpslog,interface:uename:timeout,3,ADBHandler,stoptcpdumpslog,interface,0.0,Autogen,,KeywordMatch,,,,,
11,AgilentHandler,endmtvoicecallonagilent,,0,AgilentHandler,endvoicecallonagilent,,,Hasan,,KeywordMatch,,,,,
12,AgilentHandler,originatemtvoicecallonagilent,,0,AgilentHandler,originatevoicecallonagilent,,,Hasan,,KeywordMatch,,,,,
13,AgilentHandler,sendagilentcommand,,0,AgilentHandler,sendcommandonagilent,cmdstr:cmdval:valtype:skipchk,,Hasan,,KeywordMatch,,,,,
14,AgilentHandler,setupcdmaonagilent,(),0,AgilentHandler,setupcdmaonagilent,band:chan:protocol:rconfig:mode,5.0,Autogen,,KeywordMatch,,,,,
15,AgilentHandler,setupgsmonagilent,(),0,AgilentHandler,setupgsmonagilent,band:arfcn:mnc:mcc:mode,5.0,Autogen,,KeywordMatch,,,,,
16,AgilentHandler,setupwcdmaonagilent,(),0,AgilentHandler,setupwcdmaonagilent,band:uarfcn:mcc:mnc:mode,5.0,Autogen,,KeywordMatch,,,,,
17,APAHandler,endmtvoicecallonapa,,0,PAHandler ,endmtcallonpa,esn,,Hasan,,KeywordMatch,,,,,
18,APAHandler,originatemtvoicecallonapa,,0,PAHandler ,makemtcallonpa,esn,,Hasan,,KeywordMatch,,,,,
19,APAHandler,sendrawcommandonapa,,0,PAHandler ,sendrawcommandonpa,cmd:waittime,,Hasan,,KeywordMatch,,,,,
20,ATHandler,clearacceptableatfailures,(),0,DsATHandler,clearacceptableatfailures,,0.0,Autogen,,ParamsMatch,,,,,
21,ATHandler,registerfwdatcommand,(),0,DsATHandler,registerfwdatcommand,cmd_name_list:command:abort_flag,2.0,Autogen,,KeywordMatch,,,,,
22,ATHandler,sendatcommand,dun_name:atcommand:time_out:expected_result,4,DsATHandler,sendatcommand,atcommand:timeout:expected_result,2.0,Autogen,,KeywordMatch,,,,,
23,ATHandler,sendatcommands,dun_name,1,DsATHandler,sendatcommands,atcommand:command:timeout,2.0,Autogen,,KeywordMatch,,,,,
24,ATHandler,setacceptableatfailures,(),0,DsATHandler,setacceptableatfailures,user_input:command,1.0,Autogen,,KeywordMatch,,,,,
25,ATHandler,validatefwdatcommand,dun_name:atcommand:cmd_result:response_type:time_out,5,DsATHandler,validatefwdatcommand,atcommand:cmd_result:response_type:timeout:at_resp_value:at_resp,5.0,Autogen,,ParamsCountMatch,,,,,
26,BOAHandler,configureboarrcconnectionrelease,,0,BOAHandler,sendrrcreleaseonboa,boa_name:imsi,,Jagdish,,KeywordMatch,,,,,
27,BOAHandler,configurerrcconnectionreleaseonboa,,0,BOAHandler,sendrrcreleaseonboa,boa_name:imsi,,Jagdish,In MTFPy its imsi based rrc release,KeywordMatch,,,,,
28,BOAHandler,starthandoverproceduretoeutranonboa,,0,BOAHandler,starthandovertoeutraonboa,boa_name:imsi:pci:urnti:enbid:testsetid:srcrat,,Hasan,,KeywordMatch,,,,,
29,BOAHandler,originatemtvoicecallonboa,,0,BOAHandler,startmtvoicecallonboa,boa_name:imsi,,Hasan,,KeywordMatch,,,,,
30,BOAHandler,sendcommandonboa,,0,BOAHandler,sendrawcommandonboa,boa_name:rawcmd:skip_check,,Jagdish,,KeywordMatch,,,,,
31,BOAHandler,setanritsugsmcellpower,,0,BOAHandler,changegsmboxpoweronboa,boa_name:gsmtestsetid:gsmcellid:gsmcellpower,,Jagdish,,KeywordMatch,,,,,
32,BOAHandler,setanritsugsmconnectonboa,,0,BOAHandler,connectgsmboxonboa,boa_name:gsmtestsetid,,Jagdish,,KeywordMatch,,,,,
33,BOAHandler,setanritsugsmdisconnectonboa,,0,BOAHandler,disconnectgsmboxonboa,boa_name:gsmtestsetid,,Jagdish,,KeywordMatch,,,,,
34,BOAHandler,loadconfigfileonboa,(),0,BOAHandler,loadconfigfileonboa,boa_name:txtdir,2.0,Autogen,,KeywordMatch,,,,,
35,BOAHandler,sendrawcommandonboa,(),0,BOAHandler,sendrawcommandonboa,boa_name:rawcmd:skip_check,3.0,Autogen,,KeywordMatch,,,,,
36,BrowserHandler,closewebpage,url:browser_index:uename,3,DsBrowserHandler,endftaloadwebpage,network_name:transfer_id,,Tekpal,may work,KeywordMatch,,,generic_addcall,,
37,BrowserHandler,loadwebpage,url:filename:iterations:progress_interval_step:browser_index:uename,6,DsBrowserHandler,startftaloadwebpage,network_name:url:filename:iterations:progress_interval_step:slot_id:duration:transfer_id,,Tekpal,Working is similar,KeywordMatch,,,generic_answercall,,
38,BrowserHandler,clearbrowsercache,browser_index:uename,2,DsBrowserHandler,clearbrowsercache,network_name:transfer_id,1.0,Autogen,,KeywordMatch,,,,,
39,CMWHandler,disableratoncmw,(),0,CMWHandler,disableratoncmw,system,1.0,Autogen,,KeywordMatch,,,,,
40,CMWHandler,enableratoncmw,(),0,CMWHandler,enableratoncmw,system,1.0,Autogen,,KeywordMatch,,,,,
41,CMWHandler,loadconfigoncmw,(),0,CMWHandler,loadconfigoncmw,config,1.0,Autogen,,KeywordMatch,,,,,
42,CMWHandler,setratioroncmw,(),0,CMWHandler,setratioroncmw,system:ior,-1.0,Autogen,,KeywordMatch,,,,,
43,CNEHandler,checkgetpropdpm,,0,DsCNEHandler,checkpropdpm,,,Tekpal,Working is similar,KeywordMatch,,,generic_checkforcalloptions,,
44,CNEHandler,checkgetpropsanity,property,1,DsCNEHandler,checkpropsanity,,,Tekpal,Working is similar,KeywordMatch,,,generic_dataonoff,,
45,CNEHandler,checkcnd,pid:CNEService_PID,2,DsCNEHandler,checkcnd,pid:CNEService_PID,0.0,Autogen,,KeywordMatch,,,,,
46,ConfigurationHandler,writethinuinvitem,,0,DeviceConfigureHandler,writenvitem,nv_name:value_list:subs_id,,Jagdish,,KeywordMatch,,,generic_muteunmutecall,,
47,ConfigurationHandler,addoptionalftalist,,0,DeviceConfigureHandler,installcta,force:fta_list:cta_lnx,,Jagdish,,KeywordMatch,,,generic_pressdtmf,,
48,ConfigurationHandler,copyefsfileifinbuild,relpath:efspath:subsystem,3,DeviceConfigureHandler,copyefssile,,,Jagdish,,KeywordMatch,,,ignoremdmport,,
49,ConfigurationHandler,disablessr,,0,DsSSRHandler,configuressr,subsys_name:ssr_action,,Jagdish,,KeywordMatch,,,ims_addtoconference,,
50,ConfigurationHandler,enablessr,,0,DsSSRHandler,configuressr,subsys_name:ssr_action,,Jagdish,,KeywordMatch,,,ims_endcall,,
51,ConfigurationHandler,triggerssrwithoutwait,,0,DsSSRHandler,configuressr,subsys_name:ssr_action,,Jagdish,,KeywordMatch,,,ims_holdunholdcall,,
52,ConfigurationHandler,forcewritenvitem,,0,DeviceConfigureHandler,writenvitem,nv_name:value_list:subs_id,,Jagdish,,KeywordMatch,,,ims_pressdtmf,,
53,ConfigurationHandler,systemcall,,0,UtilityHandler,runsystemcommand,command:blocking:timeout:get_output:verify_output,,Jagdish,,KeywordMatch,,,ims_removeparticipant,,
54,ConfigurationHandler,setwificalling,state,1,DsWifiHandler,ftaconnecttowifi,ssid:check_internet_conn:Hidden_ssid:Hand_off:uename,,Jagdish,,KeywordMatch,,,ims_wificalling,,
55,ConfigurationHandler,modifypolicyxmlrflist,action:band_list:band:value,4,DeviceConfigureHandler,modifypolicyxmlparameter,element:action:name:value,,Jagdish,,KeywordMatch,,,retarticeserver,,
56,ConfigurationHandler,modifypolicyxmltimer,name:interval:units:id,4,DeviceConfigureHandler,modifypolicyxmlparameter,element:action:name:value,,Jagdish,,KeywordMatch,,,sendnonblockingqmirequest,,
57,ConfigurationHandler,openpolicyxmlfilefromefs,policyman,1,DeviceConfigureHandler,modifypolicyxmlparameter,element:action:name:value,,Jagdish,,KeywordMatch,,,setacceptablefailures,,
58,ConfigurationHandler,removeefsdirectory,efspath:subsystem,2,DeviceConfigureHandler,removeefsfolder,,,Jagdish,,KeywordMatch,,,setkeywordtimeout,,
59,ConfigurationHandler,resetdevicesetup,,0,DeviceConfigureHandler,resetdevice,hard_reset:handle_crash:timeout_for_ue_state:reset_timeout,,Jagdish,,KeywordMatch,,,stopexecutioniffail,,
60,ConfigurationHandler,setdevicescreentimeout,timeout,1,DeviceConfigureHandler,updatedevicesettings,elements,,Jagdish,,KeywordMatch,,,validatepowermeasurements,,
61,ConfigurationHandler,addnewapn,name:apn:ip_version:apn_type:mmsc:mms_port:mcc:mnc:user_name:password:mms_proxy:auth_type,12,DsEmbeddedHandler,addnewapn,name:ip_version:roaming:apn:type:modify_existing_apn:id:proxy:port:mms_proxy:mms_port:user:server:password:mmsc:auth_type:mnc:mcc,0.0,Autogen,,KeywordMatch,,,,,
62,ConfigurationHandler,copyefsfile,localpath:efspath:subsystem:modem_type,4,DeviceConfigureHandler,copyefsfile,efspath:file:subs_id:overwrite,4.0,Autogen,,ParamsCountMatch,,,,,
63,ConfigurationHandler,copyefsfilefrombuild,relpath:efspath:subsystem,3,DeviceConfigureHandler,copyefsfilefrombuild,efspath:relpath:subs_id,4.0,Autogen,,KeywordMatch,,,,,
64,ConfigurationHandler,cxpowercollapse,(),0,DsPowerCollapseHandler,cxpowercollapse,duration,-1.0,Autogen,,KeywordMatch,,,,,
65,ConfigurationHandler,deleteapn,mcc:mnc,2,DsEmbeddedHandler,deleteapn,mnc:mcc,0.0,Autogen,,KeywordMatch,,,,,
66,ConfigurationHandler,loadapnconfiguration,apns_conf_xml_location:reset,2,DeviceConfigureHandler,loadapnconfiguration,apns_conf_xml:destination:reset:carrier:options,5.0,Autogen,,KeywordMatch,,,,,
67,ConfigurationHandler,loadbuild,type:retry_load_build,2,DeviceConfigureHandler,loadbuild,type:build:memory_type:update_image_script_path:load_method:verify_build:type_meta_flattened,6.0,Autogen,,KeywordMatch,,,,,
68,ConfigurationHandler,loadqcn,(),0,DeviceConfigureHandler,loadqcn,qcn_file:qcn_file_from_build:reset_upon_completion:reset_timeout:sequence_from_config:from_identifier,7.0,Autogen,,KeywordMatch,,,,,
69,ConfigurationHandler,modifyapn,name:apn:ip_version:type:mmsc:mms_port:mcc:mnc:auth_type:roaming:user_name:password:mms_proxy,13,DsEmbeddedHandler,modifyapn,name:ip_version:roaming:apn:type:id:proxy:port:mms_proxy:mms_port:user:server:password:mmsc:auth_type:mnc:mcc,0.0,Autogen,,KeywordMatch,,,,,
70,ConfigurationHandler,modifypolicyxmlparameter,action:element:name:value,4,DeviceConfigureHandler,modifypolicyxmlparameter,element:action:name:value,4.0,Autogen,,ParamsCountMatch,,,,,
71,ConfigurationHandler,openpolicyxmlfile,policyman:relative,2,DeviceConfigureHandler,openpolicyxmlfile,xml_path:relative,2.0,Autogen,,ParamsCountMatch,,,,,
72,ConfigurationHandler,removeefsfile,efspath:subsystem,2,DeviceConfigureHandler,removeefsfile,,3.0,Autogen,,KeywordMatch,,,,,
73,ConfigurationHandler,setapnstate,mode:apn_type,2,DsEmbeddedHandler,setapnstate,mode:apn_type,0.0,Autogen,,KeywordMatch,,,,,
74,ConfigurationHandler,setdefaultapn,name:set_to_default,2,DsEmbeddedHandler,setdefaultapn,name,0.0,Autogen,,KeywordMatch,,,,,
75,ConfigurationHandler,setdeviceimei,(),0,DeviceConfigureHandler,setdeviceimei,,3.0,Autogen,,KeywordMatch,,,,,
76,ConfigurationHandler,setdevicemeid,meid,1,DeviceConfigureHandler,setdevicemeid,,3.0,Autogen,,KeywordMatch,,,,,
77,ConfigurationHandler,setslotconfigurationnv,(),0,DeviceConfigureHandler,setslotconfigurationnv,config:subs_id,3.0,Autogen,,KeywordMatch,,,,,
78,ConfigurationHandler,turnoffairplanemode,(),0,DeviceConfigureHandler,turnoffairplanemode,,0.0,Autogen,,ParamsMatch,,,,,
79,ConfigurationHandler,turnonairplanemode,(),0,DeviceConfigureHandler,turnonairplanemode,,0.0,Autogen,,ParamsMatch,,,,,
80,ConfigurationHandler,updatedevicesettings,bluetooth_on:screen_brightness_mode:screen_off_timeout:doze_enabled:location_providers_allowed:auto_time_zone:auto_time,7,DeviceConfigureHandler,updatedevicesettings,elements,1.0,Autogen,,KeywordMatch,,,,,
81,ConfigurationHandler,updatenfcserviceprefs,nfc_on,1,DeviceConfigureHandler,updatenfcserviceprefs,nfc_on,1.0,Autogen,,ParamsMatch,,,,,
82,ConfigurationHandler,verifynvitem,(),0,DeviceConfigureHandler,verifynvitem,nv_name:value_list:subs_id,5.0,Autogen,,KeywordMatch,,,,,
83,ConfigurationHandler,writenvitem,(),0,DeviceConfigureHandler,writenvitem,nv_name:value_list:subs_id,5.0,Autogen,,KeywordMatch,,,,,
84,ConfigurationHandler,writepartialnvitem,(),0,DeviceConfigureHandler,writepartialnvitem,nv_name:value_dict:subs_id,4.0,Autogen,,KeywordMatch,,,,,
85,ConfigurationHandler,writepolicyxmlfiletoefs,path,1,DeviceConfigureHandler,writepolicyxmlfiletoefs,efs_path,2.0,Autogen,,KeywordMatch,,,,,
86,DataHandler,waitfordatatransfercompletion,timeout:transfer_id,2,IPERFHandler,iperfvalidatesession,iperf_session_id:bandwidth:metric:pkt_loss:tolerance:duration:num_reports_avrg:start_on_report,,Abbas,,KeywordMatch,,,,,
87,DataHandler,configureiperfthroughputparams,expectedThroughput:tolerent:maxstddivation:checkdatastall:transfer_id:OutlierIgnoreStart:OutlierIgnoreEnd,7,iperf handler,iPerfValidateSession,,,Abbas,,KeywordMatch,,,,,
88,DataHandler,create3gpp2dataprofile,,0,DataProfileHandler,modifyorcreate3gpp2dataprofile,profile_name:apn_name:profile_index:pdp_type:emerg_calls:apn_class:rat_type:profile_type:pdn_type:clat_enabled:subs_id,,Abbas,,KeywordMatch,,,,,
89,DataHandler,create3gppdataprofile,,0,DataProfileHandler,modifyorcreate3gppdataprofile,profile_name:apn_name:profile_index:pdp_type:emerg_calls:apn_class:mod_apn_name:clat_enabled:subs_id,,Abbas,,KeywordMatch,,,,,
90,DataHandler,deletesingledataprofile,,0,DataProfileHandler,deletedataprofile,,,Abbas,,KeywordMatch,,,,,
91,DataHandler,enablemodemloopbacktesting,enable_disable:cat,2,DsLoopbackHandler,configuremodemloopback,mode:replication_factor:nr5g_only,,Abbas,,KeywordMatch,,,,,
92,DataHandler,enablerndis,,0,DsRnDisHandler,SetFTARnDisState,,,Abbas,,KeywordMatch,,,,,
93,DataHandler,enddatacall,disable_autoconnect:local_abort,2,EmbeddedDataHandler and RMNetHandler,endembeddeddatacall and endrmnetcall,,,Abbas,,KeywordMatch,,,,,
94,DataHandler,enddatatransfer,transfer_id:verify_total_transfers,2,IPERFHandler,stopiperf,iperf_session_id,,Abbas,,KeywordMatch,,,,,
95,DataHandler,endping,checkresult:maximunTimeOut:failurerate:transfer_id,4,PingHandler,StopPing,,,Abbas,,KeywordMatch,,,,,
96,DataHandler,startftpdatatransfer,duration:direction:ip_family:type:transfer_id:destination_ipaddress,6,DsFTPHandler,startftaftp,network_name:ftp_server:direction:user_name:password:file_name:address_family:tcp_window_size:transfer_id:timeout:save_file_on_efs:transfer_mode:kernel_os,,Abbas,,KeywordMatch,,,,,
97,DataHandler,startftadatatransfer,type:address_family:duration:direction:window_size:data_type:file_name:ftp_local_file_name:bandwidth:packet_size:transfer_id,11,DsFTPHandler,startftaftp,network_name:ftp_server:direction:user_name:password:file_name:address_family:tcp_window_size:transfer_id:timeout:save_file_on_efs:transfer_mode:kernel_os,,Abbas,,KeywordMatch,,,,,
98,DataHandler,startdatatransfer,type:duration:direction:windows_size:ip_family:datatransfer_bandwidth:datatransfer_packagelength:teth_type:destination_ipaddress:port:src_port:embeddediperfmode:reportbuffersize:destination_ipaddress_web:transfer_id:disablebind:port_forwarding_type:ip_passthrough:skip_router_change,19,IPERFHandler,startiperf,direction:protocol:ipv:port:duration:window_size:bandwidth:buffer_size:buffer_length:interval:format:addendum:mode:iperf_session_id:server_name:server_type:server_addr:server_port:server_data_addr:server_user:server_pass:ue_public_addr:server_plat_addr:server_plat_user:server_plat_pass:port_forwarding_type:parallel:taskset,,Abbas,,KeywordMatch,,,,,
99,DataHandler,makedatacall,,0,EmbeddedDataHandler and RMNetHandler,startftaembeddeddatacall and makermnetcall,,,Abbas,,KeywordMatch,,,,,
100,DataHandler,makeftadatacall,tech:network_type:address_family:enable_qos:umts_profile_number:cdma_profile_id:connection_timeout:ipv6_privacy_ address_type,8,EmbeddedDataHandle,startftaembeddeddatacall ,,,Abbas,,KeywordMatch,,,,,
101,DataHandler,settetheringmode,interface_type:state:ssid:password,4,DsWiFiHandler,setftawifitetheringstate,state,,Abbas,,KeywordMatch,,,,,
102,DataHandler,modify3gpp2dataprofile,,0,DataProfileHandler,modifyorcreate3gpp2dataprofile,profile_name:apn_name:profile_index:pdp_type:emerg_calls:apn_class:rat_type:profile_type:pdn_type:clat_enabled:subs_id,,Abbas,,KeywordMatch,,,,,
103,DataHandler,modify3gppdataprofile,,0,DataProfileHandler,modifyorcreate3gppdataprofile,profile_name:apn_name:profile_index:pdp_type:emerg_calls:apn_class:mod_apn_name:clat_enabled:subs_id,,Abbas,,KeywordMatch,,,,,
104,DataHandler,modifyorcreateepcdataprofile,,0,DataProfileHandler,modifyorcreate3gppdataprofile,profile_name:apn_name:profile_index:pdp_type:emerg_calls:apn_class:mod_apn_name:clat_enabled:subs_id,,Abbas,,KeywordMatch,,,,,
105,DataHandler,analyzehwipadatapath,interface:direction:threshold,3,DsIPAHandler,analyzehwipadatapath,interface:direction:threshold:sendmail:recipients,0.0,Autogen,,KeywordMatch,,,,,
106,DataHandler,checkdatabearertype,(),0,WDSHandler,checkdatabearertype,service_type:subs_id,-1.0,Autogen,,KeywordMatch,,,,,
107,DataHandler,checkhwipadatapath,interface:direction,2,DsIPAHandler,checkhwipadatapath,interface:direction,0.0,Autogen,,KeywordMatch,,,,,
108,DataHandler,configuremobileap,(),0,DsMobileAPHandler,configuremobileap,mode,0.0,Autogen,,ParamsMatch,,,,,
109,DataHandler,deletedataprofiles,(),0,DataProfileHandler,deletedataprofiles,profile_type:profile_index:profile_persistence_mask:subs_id,-1.0,Autogen,,KeywordMatch,,,,,
110,DataHandler,enddundatacall,(),0,DsDUNHandler,enddundatacall,dun_conn_name,1.0,Autogen,,KeywordMatch,,,,,
111,DataHandler,endftaping,check_result:max_timeout:failure_rate:transfer_id,4,DsFTAPingHandler,endftaping,network_name:transfer_id:check_result:maximum_timeout:failure_rate,2.0,Autogen,,KeywordMatch,,,,,
112,DataHandler,modify3gpp2defaultdataprofile,(),0,DataProfileHandler,modify3gpp2defaultdataprofile,profile_name:apn_name:pdp_type:profile_family:subs_id,0.0,Autogen,,ParamsMatch,,,,,
113,DataHandler,modify3gppdefaultdataprofile,(),0,DataProfileHandler,modify3gppdefaultdataprofile,profile_name:apn_name:pdp_type:profile_family:subs_id,0.0,Autogen,,ParamsMatch,,,,,
114,DataHandler,modifyorcreate3gpp2dataprofile,(),0,DataProfileHandler,modifyorcreate3gpp2dataprofile,profile_name:apn_name:profile_index:pdp_type:emerg_calls:apn_class:rat_type:profile_type:pdn_type:clat_enabled:subs_id,0.0,Autogen,,ParamsMatch,,,,,
115,DataHandler,modifyorcreate3gppdataprofile,(),0,DataProfileHandler,modifyorcreate3gppdataprofile,profile_name:apn_name:profile_index:pdp_type:emerg_calls:apn_class:mod_apn_name:clat_enabled:subs_id,0.0,Autogen,,ParamsMatch,,,,,
116,DataHandler,setcellulardatastate,state,1,DeviceConfigureHandler,setcellulardatastate,state,1.0,Autogen,,ParamsMatch,,,,,
117,DataHandler,setipainterfacestate,state,1,DsIPAHandler,setipainterfacestate,state,1.0,Autogen,,ParamsMatch,,,,,
118,DataHandler,startdundatacall,(),0,DsDUNHandler,startdundatacall,dun_conn_name,1.0,Autogen,,KeywordMatch,,,,,
119,DataHandler,startftaping,ping_server:address_family:packet_size:ping_interval:total_TX_packet_nos:rtt_packet_type:transfer_id,7,DsFTAPingHandler,startftaping,network_name:ping_server_name:server_addr:address_family:packet_size:ping_interval:total_TX_packet_nos:rtt_packet_type:transfer_id:duration:kernel_os,4.0,Autogen,,KeywordMatch,,,,,
120,DataHandler,startipaloopbackdatatransfer,packet_size:size_offset:number_of_packets:mode:iterations,5,DsIPAHandler,startipaloopbackdatatransfer,packet_size:size_offset:number_of_packets:mode:iterations:collect_dumps:random_packets:random_packets_count,1.0,Autogen,,KeywordMatch,,,,,
121,DataHandler,startping,iwf_ip_address:packet_size:ping_interval:ip_family:teth_type:duration:transfer_id,7,PingHandler,startping,direction:duration:interval:packet_size:ipv:mode:server_name:server_type:server_addr:server_addr6:server_port:server_data_addr:server_user:server_pass:server_plat_addr:server_plat_user:server_plat_pass:ping_session_id,18.0,Autogen,,KeywordMatch,,,,,
122,DataHandler,windowshostconnectwifi,(),0,DsWiFiHandler,windowshostconnectwifi,name:interface:ssid:timeout,0.0,Autogen,,ParamsMatch,,,,,
123,DiagEventHandler,addeventtocheck,(),0,EventQueueHandler,addeventtocheck,queue_name:event_name:event_payload:package_type,5.0,Autogen,,KeywordMatch,,,,,
124,DiagEventHandler,checkforeventsineventlist,(),0,EventQueueHandler,checkforeventsineventlist,queue_name:fusion_port,2.0,Autogen,,KeywordMatch,,,,,
125,DiagEventHandler,checkfornoeventsineventlist,(),0,EventQueueHandler,checkfornoeventsineventlist,queue_name:timeout,3.0,Autogen,,KeywordMatch,,,,,
126,DiagEventHandler,clearalleventstocheck,(),0,EventQueueHandler,clearalleventstocheck,queue_name,2.0,Autogen,,KeywordMatch,,,,,
127,DiagEventHandler,createeventqueue,(),0,EventQueueHandler,createeventqueue,queue_name,2.0,Autogen,,KeywordMatch,,,,,
128,DiagEventHandler,destroyeventqueue,(),0,EventQueueHandler,destroyeventqueue,queue_name,3.0,Autogen,,KeywordMatch,,,,,
129,DiagEventHandler,flusheventqueue,(),0,EventQueueHandler,flusheventqueue,queue_name,2.0,Autogen,,KeywordMatch,,,,,
130,DiagEventHandler,waitforeventsineventlist,(),0,EventQueueHandler,waitforeventsineventlist,queue_name:timeout,3.0,Autogen,,KeywordMatch,,,,,
131,DMSHandler,waitforpmoperatingmode,ue_mode:multisim_mode,2,DMSHandler,waitforpmoperatingmode,ue_mode:multisim_mode:rat_capability:timeout:subs_id,,Jagdish,,KeywordMatch,,,,,
132,DMSHandler,resetdevice,(),0,DeviceConfigureHandler,resetdevice,hard_reset:handle_crash:timeout_for_ue_state:reset_timeout,4.0,Autogen,,KeywordMatch,,,,,
133,DMSHandler,setoperatingmode,(),0,DeviceConfigureHandler,setoperatingmode,mode:fusion_port,3.0,Autogen,,KeywordMatch,,,,,
134,GPSHandler,checkgpsstate,(),0,GPSHandler,checkgpsstate,state:re_activate:subs_id,3.0,Autogen,,KeywordMatch,,,,,
135,GPSHandler,endgpsapptracking,(),0,GPSHandler,endgpsapptracking,subs_id,1.0,Autogen,,KeywordMatch,,,,,
136,GPSHandler,gpsapptracking,(),0,GPSHandler,gpsapptracking,technology:runTime:QoSTime:TBF:subs_id,5.0,Autogen,,KeywordMatch,,,,,
137,GPSHandler,gpssingleshot,(),0,GPSHandler,gpssingleshot,technology:hot_start:subs_id:iot_enabled,4.0,Autogen,,KeywordMatch,,,,,
138,GPSHandler,gpsxtradownloadandinject,(),0,GPSHandler,gpsxtradownloadandinject,subs_id,1.0,Autogen,,KeywordMatch,,,,,
139,GPSHandler,startgpsapptracking,(),0,GPSHandler,startgpsapptracking,QoSTime:TBF:subs_id,3.0,Autogen,,KeywordMatch,,,,,
140,ICEHandler,configureimssubscribeprocedureonice,configure_type:cause_code:reason,3,ICEHandler,configureimsregprocedureonice,configure_type:cause_code:reason:option_rules:subs_id:pcscf_id,,Jagdish,,KeywordMatch,,,,,
141,ICEHandler,startadscriptonice,,0,ICEHandler,startsipuserscriptonice,,,Jagdish,,KeywordMatch,,,,,
142,ICEHandler,clearicetestabilityrules,(),0,ICEHandler,clearicetestabilityrules,nw_comp:pcscf_id,2.0,Autogen,,KeywordMatch,,,,,
143,ICEHandler,configureimspublishprocedureonice,configure_type:cause_code:reason,3,ICEHandler,configureimspublishprocedureonice,configure_type:cause_code:reason:option_rules:subs_id:pcscf_id,3.0,Autogen,,ParamsCountMatch,,,,,
144,ICEHandler,configureimsregprocedureonice,configure_type:cause_code:reason,3,ICEHandler,configureimsregprocedureonice,configure_type:cause_code:reason:option_rules:subs_id:pcscf_id,3.0,Autogen,,ParamsCountMatch,,,,,
145,ICEHandler,configuretemplatefileonice,template_file,1,ICEHandler,configuretemplatefileonice,template_file:timeout:restart:pcscf_id,2.0,Autogen,,KeywordMatch,,,,,
146,ICEHandler,configurevolteprocedureonice,configure_type:cause_code:reason,3,ICEHandler,configurevolteprocedureonice,configure_type:cause_code:reason:option_rules:subs_id:pcscf_id,3.0,Autogen,,ParamsCountMatch,,,,,
147,ICEHandler,restarticeserver,(),0,ICEHandler,restarticeserver,timeout:pcscf_id:if_not_running,0.0,Autogen,,ParamsMatch,,,,,
148,ICEHandler,sendicetestabilitycommand,command:subscription:ignoreresult,3,ICEHandler,sendicetestabilitycommand,cmd:pcscf_id:subs_id,2.0,Autogen,,KeywordMatch,,,,,
149,ICEHandler,setsipoptionsfile,sip_path,1,ICEHandler,setsipoptionsfile,sip_path:pcscf_id,1.0,Autogen,,ParamsMatch,,,,,
150,ICEHandler,starticelogging,sip_path,1,ICEHandler,starticelogging,filename_modifier:target_dir:timeout:pcscf_id,0.0,Autogen,,KeywordMatch,,,,,
151,ICEHandler,starticeserver,(),0,ICEHandler,starticeserver,timeout:pcscf_id,0.0,Autogen,,ParamsMatch,,,,,
152,ICEHandler,startloopbackclient,(),0,ICEHandler,startloopbackclient,clientid:ipv6:onewayvideo:precondition:vtcall:pcscf_id:subs_id,7.0,Autogen,,KeywordMatch,,,,,
153,ICEHandler,startsipuserscriptonice,(),0,ICEHandler,startsipuserscriptonice,,2.0,Autogen,,KeywordMatch,,,,,
154,ICEHandler,stopicelogging,sip_path,1,ICEHandler,stopicelogging,delete_remote_log_files:timeout:pcscf_id,0.0,Autogen,,KeywordMatch,,,,,
155,ICEHandler,stopiceserver,(),0,ICEHandler,stopiceserver,timeout:pcscf_id,0.0,Autogen,,ParamsMatch,,,,,
156,ICEHandler,syncwithserveronice,(),0,ICEHandler,syncwithserveronice,,1.0,Autogen,,KeywordMatch,,,,,
157,ICEHandler,terminateloopbackclient,(),0,ICEHandler,terminateloopbackclient,clientid:pcscf_id,1.0,Autogen,,KeywordMatch,,,,,
158,IMSHandler,waitfornoimssindication,indication:timeout,2,IMSHandler,waitfornoimsaindication,indication:timeout:subs_id,,Jagdish,,KeywordMatch,,,,,
159,IMSHandler,checkforimspdpstatus,is_ims_pdp_connected:ims_pdp_failure_error_code:timeout,3,IMSHandler,checkforpdpstatus,is_ims_pdp_connected:ims_pdp_failure_code:subs_id,,Jagdish,,KeywordMatch,,,,,
160,IMSHandler,setimsssmsconfig,,0,IMSHandler,setimssmsconfig,sms_format:sms_format:sms_over_ip_network_indication:ms_over_ip_network_indication:subs_id,,Jagdish,,KeywordMatch,,,,,
161,IMSHandler,checkforimsblockstatus,wwan_block_reason_mask:wwan_pdp_call_end_reason_type:wwan_pdp_call_end_reason:wwan_registration_failure_reason:wwan_handover_call_end_reason_type:wwan_handover_call_end_reason:wlan_block_reason_mask:wlan_pdp_call_end_reason_type:wlan_pdp_call_end_reason:wlan_registration_failure_reason:wlan_handover_call_end_reason_type:wlan_handover_call_end_reason,12,IMSHandler,checkforimsblockstatus,wwan_block_reason_mask:wwan_pdp_call_end_reason_type:wwan_pdp_call_end_reason:wwan_handover_call_end_reason_type:wwan_handover_call_end_reason:wlan_block_reason_mask:wlan_pdp_call_end_reason_type:wlan_pdp_call_end_reason:wlan_registration_failure_reason:wlan_handover_call_end_reason_type:wlan_handover_call_end_reason:subs_id,1.0,Autogen,,KeywordMatch,,,,,
162,IMSHandler,checkforimsregistration,reg_status:err_string:reg_network,3,IMSHandler,checkforimsregistration,reg_status:err_string:ims_code:reg_network:subs_id,2.0,Autogen,,KeywordMatch,,,,,
163,IMSHandler,checkforimsservicestatus,sms_service_rat:vt_service_rat:voip_service_rat:ut_service_rat,4,IMSHandler,checkforimsservicestatus,ims_services:dict1:sms:voip:vt:ut:subs_id,2.0,Autogen,,KeywordMatch,,,,,
164,IMSHandler,checkimsqipcallconfig,(),0,IMSHandler,checkimsqipcallconfig,mobile_data_enabled:mobile_data_enabled:volte_enabled:volte_enabled:subs_id,1.0,Autogen,,KeywordMatch,,,,,
165,IMSHandler,configureimsservertype,(),0,IMSHandler,configureimsservertype,server_type:ip_version:subs_id,-1.0,Autogen,,KeywordMatch,,,,,
166,IMSHandler,disableims,(),0,IMSHandler,disableims,subs_id,1.0,Autogen,,KeywordMatch,,,,,
167,IMSHandler,enableims,ims_nv,1,IMSHandler,enableims,subs_id,1.0,Autogen,,ParamsCountMatch,,,,,
168,IMSHandler,setimsclientprovisioning,(),0,IMSHandler,setimsclientprovisioning,enable_client_provisioning:enable_client_provisioning:wifi_call:wifi_call:subs_id,1.0,Autogen,,KeywordMatch,,,,,
169,IMSHandler,setimscodecdynamicconfig,(),0,IMSHandler,setimscodecdynamicconfig,amr_wb_enabled:amr_wb_enabled:scr_amr_enabled:scr_amr_enabled:subs_id,1.0,Autogen,,KeywordMatch,,,,,
170,IMSHandler,setimsqipcallconfig,(),0,IMSHandler,setimsqipcallconfig,volte_enabled:volte_enabled:videotelephony_enabled:videotelephony_enabled:mobile_data_enabled:mobile_data_enabled:wifi_calling_enabled:wifi_calling_enabled:ims_service_enabled:ims_service_enabled:ut_enabled:ut_enabled:mwi_enabled:mwi_enabled:wifi_provisioning_id:wifi_provisioning_id:wifi_calling_in_roaming_enabled:wifi_calling_in_roaming_enabled:subs_id,1.0,Autogen,,KeywordMatch,,,,,
171,IMSHandler,setimsqipcallconfigfta,volte:mobile_data:vt_calling,3,IMSHandler,setimsqipcallconfigfta,volte_enabled:videotelephony_enabled:mobile_data_enabled:subs_id,1.0,Autogen,,KeywordMatch,,,,,
172,IMSHandler,setimsregmgrconfig,(),0,IMSHandler,setimsregmgrconfig,ims_test_mode_enabled:regmgr_primary_cscf:subs_id,1.0,Autogen,,KeywordMatch,,,,,
173,IMSHandler,setimsserviceenable,(),0,IMSHandler,setimsserviceenable,volte_enabled:volte_enabled:videotelephony_enabled:videotelephony_enabled:mobile_data_enabled:mobile_data_enabled:wifi_calling_enabled:wifi_calling_enabled:ims_service_enabled:ims_service_enabled:ut_enabled:ut_enabled:mwi_enabled:mwi_enabled:wifi_provisioning_id:wifi_provisioning_id:wifi_calling_in_roaming_enabled:wifi_calling_in_roaming_enabled:subs_id,1.0,Autogen,,KeywordMatch,,,,,
174,IMSHandler,setimsshandoverconfig,(),0,IMSHandler,setimsshandoverconfig,wlan_to_wwan_hys_timer:wlan_to_wwan_hys_timer:ims_pdn_ho_enabled:ims_pdn_ho_enabled:subs_id,1.0,Autogen,,KeywordMatch,,,,,
175,IMSHandler,setimsspresenceconfig,(),0,IMSHandler,setimsspresenceconfig,publish_expiry_timer:publish_expiry_timer:capability_discover_enable:capability_discover_enable:subs_id,1.0,Autogen,,KeywordMatch,,,,,
176,IMSHandler,setimsssipconfig,(),0,IMSHandler,setimsssipconfig,timer_t1:timer_t1:timer_t2:timer_t2:subs_id,1.0,Autogen,,KeywordMatch,,,,,
177,IMSHandler,setregisteredimpuentry,entry,1,IMSHandler,setregisteredimpuentry,impu_value:subs_id,2.0,Autogen,,KeywordMatch,,,,,
178,IMSHandler,waitforimsablockstatusindication,wwan_block_reason_mask:wwan_pdp_call_end_reason_type:wwan_pdp_call_end_reason:wwan_registration_failure_reason:wwan_handover_call_end_reason_type:wwan_handover_call_end_reason:wlan_block_reason_mask:wlan_pdp_call_end_reason_type:wlan_pdp_call_end_reason:wlan_registration_failure_reason:wlan_handover_call_end_reason_type:wlan_handover_call_end_reason:timeout,13,IMSHandler,waitforimsablockstatusindication,wwan_block_reason_mask:wwan_pdp_call_end_reason_type:wwan_pdp_call_end_reason:wwan_handover_call_end_reason_type:wwan_handover_call_end_reason:wlan_block_reason_mask:wlan_pdp_call_end_reason_type:wlan_pdp_call_end_reason:wlan_registration_failure_reason:wlan_handover_call_end_reason_type:wlan_handover_call_end_reason:timeout:subs_id,1.0,Autogen,,KeywordMatch,,,,,
179,IMSHandler,waitforimsalteattachindication,operator_reserved_pco:timeout,2,IMSHandler,waitforimsalteattachindication,operator_reserved_pco:timeout:subs_id,1.0,Autogen,,KeywordMatch,,,,,
180,IMSHandler,waitforimsapdpstatusindication,is_ims_pdp_connected:ims_pdp_failure_error_code:timeout,3,IMSHandler,waitforimsapdpstatusindication,is_ims_pdp_connected:ims_pdp_failure_code:timeout:subs_id,4.0,Autogen,,KeywordMatch,,,,,
181,IMSHandler,waitforimsaregistrationindication,reg_status:err_string:reg_network:timeout,4,IMSHandler,waitforimsaregistrationindication,reg_status:reg_network:subs_id:timeout:subs_id:ims_code,2.0,Autogen,,KeywordMatch,,,,,
182,IMSHandler,waitforimsaservicestatusindication,sms_service_rat:voip_service_rat:vt_service_rat:ut_service_rat,4,IMSHandler,waitforimsaservicestatusindication,ims_services:dict1:sms:voip:vt:ut:timeout:subs_id,2.0,Autogen,,KeywordMatch,,,,,
183,IMSHandler,waitforimsasubscriptionstatusindication,subscription_status:subscription_type:error_string:timeout,4,IMSHandler,waitforimsasubscriptionstatusindication,subscription_status:subscription_type:timeout:subs_id,3.0,Autogen,,KeywordMatch,,,,,
184,IMSHandler,waitforimshandoverstatus,source_rat:target_rat:handover_status,3,IMSHandler,waitforimshandoverstatus,source_rat:target_rat:handover_status:cause_code:timeout:subs_id,1.0,Autogen,,KeywordMatch,,,,,
185,IMSHandler,waitforimsregistration,reg_status,1,IMSHandler,waitforimsregistration,reg_status:ims_services:dict1:sms:voip:vt:ut:subs_id:timeout:subs_id:ims_code,3.0,Autogen,,KeywordMatch,,,,,
186,IMSHandler,waitfornetworkprovisioningstatus,status:timeout,2,IMSHandler,waitfornetworkprovisioningstatus,status:timeout:subs_id,1.0,Autogen,,KeywordMatch,,,,,
187,IMSHandler,waitfornextimsaregistrationindication,reg_status:err_string:reg_network:timeout,4,IMSHandler,waitfornextimsaregistrationindication,reg_status:reg_network:err_string:timeout:subs_id:ims_code,2.0,Autogen,,KeywordMatch,,,,,
188,IMSHandler,waitfornoimsaindication,indication:timeout,2,IMSHandler,waitfornoimsaindication,indication:timeout:subs_id,1.0,Autogen,,KeywordMatch,,,,,
189,IMSHandler,waitfornonetworkprovisioningstatus,status:timeout,2,IMSHandler,waitfornonetworkprovisioningstatus,status:timeout:subs_id,1.0,Autogen,,KeywordMatch,,,,,
190,IRATHandler,checkoosrecovery,source:recovery_time:target:rrc_state:timeout,5,NASHandler,waitforsystem,systems:timeout:service_type:subs_id:camping_mode:nsa_capable:hideOnFail,,Tekpal,can use the provided keyword,KeywordMatch,,,,,
191,IRATHandler,triggervrlfprocedure,source_ca_set:recovery_time,2,IRATHandler,triggerrlfprocedure,source:recovery_type:target:oos_timeout:recovery_time:subs_id,,Tekpal,Working is similar,KeywordMatch,,,,,
192,IRATHandler,activehandover,source:target:source_dbc:target_dbc:interval:rrc_state,6,IRATHandler,activehandover,source:target:source_step_size:target_step_size:sleep_between_atten:turn_off_source_after_mobility:subs_id,2.0,Autogen,,KeywordMatch,,,,,
193,IRATHandler,carrieraggregationhandover,source_ca_set:target_ca_set:source_step_size:time_between_steps:skip_PCell_validation:dest_step_size,6,IRATHandler,carrieraggregationhandover,source_ca_set:target_ca_set:source_step_size:sleep_between_atten:pcell_validation:subs_id,2.0,Autogen,,KeywordMatch,,,,,
194,IRATHandler,reselection,source:target:source_dbc:target_dbc:rrc_state:interval,6,IRATHandler,reselection,source:target:source_step_size:target_step_size:sleep_between_atten:turn_off_source_after_mobility:rrc_state:subs_id,2.0,Autogen,,KeywordMatch,,,,,
195,IRATHandler,sethandovertype,handover_type,1,IRATHandler,sethandovertype,handover_type,1.0,Autogen,,ParamsMatch,,,,,
196,IRATHandler,triggerrlfprocedure,source:recovery_type:target:oos_timeout:recovery_time,5,IRATHandler,triggerrlfprocedure,source:recovery_type:target:oos_timeout:recovery_time:subs_id,-1.0,Autogen,,KeywordMatch,,,,,
197,KratosHandler,runli2postprocessing,li2_template,1,KratosHandler,rundbbddataparser,task_log_dir:template_path:test_case_path:li2_template_path:enable_intervals_breakdown:wait_for_exit,,Tekpal,works for li2 post processing,KeywordMatch,,,,,
198,KratosHandler,setalpcaconfigfile,config_file,1,AlpacaHandle,setalpacaconfigfile,config_file,,Tekpal,Alpaca not alpca,KeywordMatch,,,,,
199,KratosHandler,calibratekratoshw,type,1,KratosHandler,calibratekratoshw,voltage:current_limit:ovp:channel_config_file:type,5.0,Autogen,,KeywordMatch,,,,,
200,KratosHandler,configurekratospowersupply,power_id:voltage:current_limit:ovp,4,KratosHandler,configurekratospowersupply,voltage:current_limit:ovp:power_id,4.0,Autogen,,ParamsMatch,,,,,
201,KratosHandler,loadkratoschannelconfiguration,file,1,KratosHandler,loadkratoschannelconfiguration,file,1.0,Autogen,,ParamsMatch,,,,,
202,KratosHandler,monitorkratosacqstate,state:timeout,2,KratosHandler,monitorkratosacqstate,state:duration,2.0,Autogen,,ParamsCountMatch,,,,,
203,KratosHandler,rebootdeviceusingkratos,power_index:release_diag_before_reboot:allocate_diag_after_reboot,3,KratosHandler,rebootdeviceusingkratos,channel_config_file:voltage:current_limit:ovp:device_sleep_time:power_id:usb_id,7.0,Autogen,,KeywordMatch,,,,,
204,KratosHandler,rundbbddataparser,dbbd_template:li2_template:dir,3,KratosHandler,rundbbddataparser,task_log_dir:template_path:test_case_path:li2_template_path:enable_intervals_breakdown:wait_for_exit,0.0,Autogen,,KeywordMatch,,,,,
205,KratosHandler,runtimelinelogparser,chipset:log_tag,2,KratosHandler,runtimelinelogparser,,0.0,Autogen,,KeywordMatch,,,,,
206,KratosHandler,runtimelineprofiler,template:log_data:output_dir:output_filename,4,KratosHandler,runtimelineprofiler,,0.0,Autogen,,KeywordMatch,,,,,
207,KratosHandler,setkratosacqparam,Mode:Rate:Duration:Trigger,4,KratosHandler,setkratosacqparam,mode:trigger:rate:duration,4.0,Autogen,,ParamsCountMatch,,,,,
208,KratosHandler,startalpacaacq,(),0,AlpacaHandler,startalpacaacq,,0.0,Autogen,,ParamsMatch,,,,,
209,KratosHandler,startkratosacq,(),0,KratosHandler,startkratosacq,output_dir:calib_type:voltage:current_limit:ovp:channel_config_file:power_id:usb_id,8.0,Autogen,,KeywordMatch,,,,,
210,KratosHandler,stopalpacaacq,(),0,AlpacaHandler,stopalpacaacq,,-1.0,Autogen,,KeywordMatch,,,,,
211,KratosHandler,stopkratosacq,(),0,KratosHandler,stopkratosacq,dest_dir,1.0,Autogen,,KeywordMatch,,,,,
212,LTETBSHandler,addormodifytemplateparamonltetbs,,0,TBSLTEHandler,modifytemplateparamonltetbs,handle:path:value,,Abbas,,KeywordMatch,,,,,
213,LTETBSHandler,stopltetbs,,0,TBSLTEHandler,stopsystemonltetbs,,,Abbas,,KeywordMatch,,,,,
214,LTETBSHandler,startltetbs,,0,TBSLTEHandler,startsystemonltetbs(,,,Abbas,,KeywordMatch,,,,,
215,LTETBSHandler,savetemplateonltetbs,,0,TBSLTEHandler,savetemplateparamonltetbs,handle:new_template,,Abbas,,KeywordMatch,,,,,
216,LTETBSHandler,configuretemplateonltetbs,templatefile,1,TBSLTEHandler,configuretemplateonltetbs,template_path:template_handle,0.0,Autogen,,KeywordMatch,,,,,
217,LTETBSHandler,opentemplateonltetbs,(),0,TBSLTEHandler,opentemplateonltetbs,template:handle,0.0,Autogen,,ParamsMatch,,,,,
218,LTETBSHandler,sendtestabilitycommandonltetbs,(),0,TBSLTEHandler,sendtestabilitycommandonltetbs,command:command,1.0,Autogen,,KeywordMatch,,,,,
219,LTETBSHandler,setpandaioronltetbs,(),0,TBSLTEHandler,setpandaioronltetbs,ior:cell_id:tx:rx,0.0,Autogen,,ParamsMatch,,,,,
220,MobileAPHandler,checkmobileapwwanconfiguration,ip_type,1,DsMobileAPHandler,checkmobileapwwanstatus,ip_type:expected_status,,Hasan,,KeywordMatch,,,,,
221,MobileAPHandler,enabledisablemobileap,mode,1,DsMobileAPHandler,configuremobileap,mode,,Hasan,,KeywordMatch,,,,,
222,MobileAPHandler,enabledisableupnp,mode,1,DsMobileAPHandler,ConfigureUpnp ,,,Hasan,,KeywordMatch,,,,,
223,MobileAPHandler,endhotspotdatatransfer,transfer_id,1,DsMobileAPHandler,endftamobileapcall,ip_type,,Hasan,,KeywordMatch,,,,,
224,MobileAPHandler,getmobileapnattype,nat_type,1,DsMobileAPHandler,MobileAPGetNATType,,,Hasan,,KeywordMatch,,,,,
225,MobileAPHandler,getmobileapwwanconfiguration,ip_type,1,DsMobileAPHandler,MobileApGetWWANProfile,,,Hasan,,KeywordMatch,,,,,
226,MobileAPHandler,starthotspotdatatransfer,type:duration:direction:windows_size:ip_family:datatransfer_bandwidth:datatransfer_packagelength:source:destination:transfer_id:port_forwarding_type,11,DsMobileAPHandler,startftamobileapcall,ip_type,,Hasan,,KeywordMatch,,,,,
227,MobileAPHandler,mobileapactivatelan,,0,DsMobileAPHandler,mobileapactivatewlan,,,Hasan,,KeywordMatch,,,,,
228,MobileAPHandler,mobileapenabledisablewlan,mode,1,DsMobileAPHandler,mobileapconfigurewlan,mode,,Hasan,,KeywordMatch,,,,,
229,MobileAPHandler,setsoftaproamingautoconnectmode,mode,1,DsMobileAPHandler,setsoftaproamingautoconnect,mode,,Hasan,,KeywordMatch,,,,,
230,MobileAPHandler,mobileapgetroamingstatus,mode,1,DsMobileAPHandler,mobileapsetroaming,mode,,Hasan,,KeywordMatch,,,,,
231,MobileAPHandler,mobileapgetstaticnatentry,,0,DsMobileAPHandler,checkmobileapsnatentry,,,Hasan,,KeywordMatch,,,,,
232,MobileAPHandler,setmobileapnattype,nat_type,1,DsMobileAPHandler,mobileapsetnattype,nat_type,,Hasan,,KeywordMatch,,,,,
233,MobileAPHandler,setmobileapbackhaul,ip_type:mode,2,DsMobileAPHandler,setbackhaulpriorityconfig,first:second:third:fourth,,Hasan,,KeywordMatch,,,,,
234,MobileAPHandler,checkmobileaproamingautoconnectstatus,expectedStatus,1,DsMobileAPHandler,checkmobileaproamingautoconnectstatus,expected_status,0.0,Autogen,,KeywordMatch,,,,,
235,MobileAPHandler,checkmobileapwlanstatus,expected_status,1,DsMobileAPHandler,checkmobileapwlanstatus,expected_status,0.0,Autogen,,KeywordMatch,,,,,
236,MobileAPHandler,checkmobileapwwanstatus,ip_type:expected_status,2,DsMobileAPHandler,checkmobileapwwanstatus,ip_type:expected_status,0.0,Autogen,,KeywordMatch,,,,,
237,MobileAPHandler,ddnsgetconfig,(),0,DsMobileAPHandler,ddnsgetconfig,,0.0,Autogen,,ParamsMatch,,,,,
238,MobileAPHandler,ddnssetconfig,(),0,DsMobileAPHandler,ddnssetconfig,server_url:login:password:hostname,0.0,Autogen,,ParamsMatch,,,,,
239,MobileAPHandler,getbackhaulpriorityconfig,(),0,DsMobileAPHandler,getbackhaulpriorityconfig,,0.0,Autogen,,ParamsMatch,,,,,
240,MobileAPHandler,mobileapactivatewlan,(),0,DsMobileAPHandler,mobileapactivatewlan,,0.0,Autogen,,ParamsMatch,,,,,
241,MobileAPHandler,mobileapaddfirewallrule,token:rules,2,DsMobileAPHandler,mobileapaddfirewallrule,token:rules,0.0,Autogen,,KeywordMatch,,,,,
242,MobileAPHandler,mobileapdeletefirewallrule,token,1,DsMobileAPHandler,mobileapdeletefirewallrule,token,0.0,Autogen,,KeywordMatch,,,,,
243,MobileAPHandler,mobileapgetfirewallconfig,mode:packets_allowed,2,DsMobileAPHandler,mobileapgetfirewallconfig,mode:packets_allowed,0.0,Autogen,,KeywordMatch,,,,,
244,MobileAPHandler,mobileapgetfirewallrule,token,1,DsMobileAPHandler,mobileapgetfirewallrule,token,0.0,Autogen,,KeywordMatch,,,,,
245,MobileAPHandler,mobileapgetfirewalltable,(),0,DsMobileAPHandler,mobileapgetfirewalltable,file_name,0.0,Autogen,,ParamsMatch,,,,,
246,MobileAPHandler,mobileapgetlanconfig,(),0,DsMobileAPHandler,mobileapgetlanconfig,,0.0,Autogen,,ParamsMatch,,,,,
247,MobileAPHandler,mobileapgetwwanprofile,tech,1,DsMobileAPHandler,mobileapgetwwanprofile,tech,0.0,Autogen,,KeywordMatch,,,,,
248,MobileAPHandler,mobileaprestorefactoryconfig,(),0,DsMobileAPHandler,mobileaprestorefactoryconfig,,0.0,Autogen,,ParamsMatch,,,,,
249,MobileAPHandler,mobileapsetfirewallconfig,mode:packets_allowed,2,DsMobileAPHandler,mobileapsetfirewallconfig,mode:packets_allowed,0.0,Autogen,,KeywordMatch,,,,,
250,MobileAPHandler,mobileapsetlanconfig,(),0,DsMobileAPHandler,mobileapsetlanconfig,gw_ip:ap_subnet:dhcp_enabled:dhcp_start_ip:dhcp_end_ip:dhcp_lease_time,0.0,Autogen,,ParamsMatch,,,,,
251,MobileAPHandler,mobileapsetroaming,mode,1,DsMobileAPHandler,mobileapsetroaming,mode,0.0,Autogen,,KeywordMatch,,,,,
252,MobileAPHandler,mobileapsetwlanconfig,file_name,1,DsMobileAPHandler,mobileapsetwlanconfig,config:wlan_mode:guest_ap_access_profile:apstamode,0.0,Autogen,,KeywordMatch,,,,,
253,MobileAPHandler,mobileapsetwwanprofile,mode:ip_type:v4_3gpp_profile_id:v4_3gpp2_profile_id:v6_3gpp_profile_id:v6_3gpp2_profile_id,6,DsMobileAPHandler,mobileapsetwwanprofile,mode:ip_type:v4_3gpp_profile_id:v4_3gpp2_profile_id:v6_3gpp_profile_id:v6_3gpp2_profile_id,0.0,Autogen,,KeywordMatch,,,,,
254,MobileAPHandler,mobileapverifystationmode,mode,1,DsMobileAPHandler,mobileapverifystationmode,mode,0.0,Autogen,,KeywordMatch,,,,,
255,MobileAPHandler,setbackhaulpriorityconfig,(),0,DsMobileAPHandler,setbackhaulpriorityconfig,first:second:third:fourth,0.0,Autogen,,ParamsMatch,,,,,
256,MobileAPHandler,setsoftaproamingautoconnect,mode,1,DsMobileAPHandler,setsoftaproamingautoconnect,mode,0.0,Autogen,,KeywordMatch,,,,,
257,NASHandler,addavailablenetwork,,0,NASHandler,AddAvailableNetwork,,,Tekpal,Present in MTF Py wiki,KeywordMatch,,,,,
258,NASHandler,checkforsystem,,0,NASHandler,waitforsystem,systems:timeout:service_type:subs_id:camping_mode:nsa_capable:hideOnFail,,Tekpal,we can use this but not for M101,KeywordMatch,,,,,
259,NASHandler,completeincrementalnetworkscan,,0,NASHandler,completenetworkscan,,,Tekpal,working is similar,KeywordMatch,,,,,
260,NASHandler,verifynetworkscanfailure,,0,NASHandler,completenetworkscan,,,Tekpal,can be used but not both,KeywordMatch,,,,,
261,NASHandler,verifynastlvinfo,,0,UtilityHandler,SendBlockingQMIMessage,,,Tekpal,May work because it does TLV validation using qmi msg,KeywordMatch,,,,,
262,NASHandler,verifymanualselection,,0,NASHandler,verifymanualselection,index,,Tekpal,Present in MTF Py wiki,KeywordMatch,,,,,
263,NASHandler,validatelterrcstate,,0,NASHandler,waitforlterrcstate,desired_rrc_state:timeout:subs_id,,Tekpal,waits and checks,KeywordMatch,,,,,
264,NASHandler,disablemanualplmnselection,,0,NASHandler,disablemanualplmnselection,,,Tekpal,Present in MTF Py wiki,KeywordMatch,,,,,
265,NASHandler,switchdataprofile,,0,NASHandler,setddsstate,subs_id,,Tekpal,Working is Same,KeywordMatch,,,,,
266,NASHandler,startincrementalnetworkscan,,0,NASHandler,startnetworkscan,scan_type:networks:subs_id,,Tekpal,Working is similar,KeywordMatch,,,,,
267,NASHandler,manualplmnselection,,0,NASHandler,manualplmnselection,index:rat_flag,,Tekpal,Present in wiki,KeywordMatch,,,,,
268,NASHandler,removeallavailablenetworks,,0,NASHandler,removeavailablenetwork,index,,Tekpal,we can remove one at a time,KeywordMatch,,,,,
269,NASHandler,removeavailablenetwork,,0,NASHandler,removeavailablenetwork,index,,Tekpal,Present in MTFPy,KeywordMatch,,,,,
270,NASHandler,setbandpref,,0,NASHandler,setbandprefadvanced,band_pref:lte_band_pref:tdscdma_band_pref:subs_id,,Tekpal,may work same,KeywordMatch,,,,,
271,NASHandler,setdataroamingfta,data_roaming,1,DsMobileAPHandler,mobileapsetroaming,mode,,Tekpal,Fta and data roaming are included,KeywordMatch,,,,,
272,NASHandler,setdataroaming,data_roaming,1,DsMobileAPHandler,mobileapsetroaming,mode,,Tekpal,may work same,KeywordMatch,,,,,
273,NASHandler,abortnetworkscan,(),0,NASHandler,abortnetworkscan,subs_id,1.0,Autogen,,KeywordMatch,,,,,
274,NASHandler,checkecbmmode,(),0,NASHandler,checkecbmmode,ecbm_flag:subs_id,1.0,Autogen,,KeywordMatch,,,,,
275,NASHandler,checkmodepref,(),0,NASHandler,checkmodepref,systems:subs_id,2.0,Autogen,,KeywordMatch,,,,,
276,NASHandler,clearacceptablenasfailures,(),0,NASHandler,clearacceptablenasfailures,,1.0,Autogen,,KeywordMatch,,,,,
277,NASHandler,completenetworkscan,(),0,NASHandler,completenetworkscan,,1.0,Autogen,,KeywordMatch,,,,,
278,NASHandler,exitecbmmode,(),0,NASHandler,exitecbmmode,subs_id,1.0,Autogen,,KeywordMatch,,,,,
279,NASHandler,performnetworkscan,(),0,NASHandler,performnetworkscan,scan_type:networks:subs_id,3.0,Autogen,,KeywordMatch,,,,,
280,NASHandler,removenetworkfromfplmn,(),0,NASHandler,removenetworkfromfplmn,mcc:mnc:subs_id,3.0,Autogen,,KeywordMatch,,,,,
281,NASHandler,setacceptablenasfailures,(),0,NASHandler,setacceptablenasfailures,acceptable_failure_codes,1.0,Autogen,,KeywordMatch,,,,,
282,NASHandler,setbandprefadvanced,(),0,NASHandler,setbandprefadvanced,band_pref:lte_band_pref:tdscdma_band_pref:subs_id,1.0,Autogen,,KeywordMatch,,,,,
283,NASHandler,setfplmnlist,(),0,NASHandler,setfplmnlist,mcc:mcn:subs_id,1.0,Autogen,,KeywordMatch,,,,,
284,NASHandler,setmodepref,(),0,NASHandler,setmodepref,systems:subs_id,1.0,Autogen,,KeywordMatch,,,,,
285,NASHandler,startnetworkscan,(),0,NASHandler,startnetworkscan,scan_type:networks:subs_id,3.0,Autogen,,KeywordMatch,,,,,
286,NASHandler,waitforlterrcstate,(),0,NASHandler,waitforlterrcstate,desired_rrc_state:timeout:subs_id,3.0,Autogen,,KeywordMatch,,,,,
287,NASHandler,waitforsystem,(),0,NASHandler,waitforsystem,systems:timeout:service_type:subs_id:camping_mode:nsa_capable:hideOnFail,6.0,Autogen,,KeywordMatch,,,,,
288,NASHandler,waitforwcdmarrcstate,(),0,NASHandler,waitforwcdmarrcstate,desired_rrc_state:timeout:subs_id,3.0,Autogen,,KeywordMatch,,,,,
289,PDCHandler,loadmbndirectpath,,0,MBNHandler,"loadswmbn,loadhwmbn",,,Tekpal,use two keywords ,KeywordMatch,,,,,
290,PDCHandler,selectandactivatembns,,0,MBNHandler,selectandactivatembn,mbnname:subs_id:mode,,Tekpal,works for only one at a time,KeywordMatch,,,,,
291,PDCHandler,checkactivatedmbn,mbn_name:mbn_type:subscription,3,MBNHandler,checkactivatedmbn,mbns:mbnname:mbntype:subs_id,1.0,Autogen,,KeywordMatch,,,,,
292,PDCHandler,deactivatembn,mbn_type:subscription,2,MBNHandler,deactivatembn,mbntype:subs_id,2.0,Autogen,,ParamsCountMatch,,,,,
293,PDCHandler,deleteallhwmbns,(),0,MBNHandler,deleteallhwmbns,,0.0,Autogen,,ParamsMatch,,,,,
294,PDCHandler,deleteallswmbns,(),0,MBNHandler,deleteallswmbns,,0.0,Autogen,,ParamsMatch,,,,,
295,PDCHandler,deletembn,(),0,MBNHandler,deletembn,mbnname,1.0,Autogen,,KeywordMatch,,,,,
296,PDCHandler,listloadedmbns,(),0,MBNHandler,listloadedmbns,,0.0,Autogen,,ParamsMatch,,,,,
297,PDCHandler,loadhwmbn,(),0,MBNHandler,loadhwmbn,mbnpath:mbnpath_from_build:modem_type,3.0,Autogen,,KeywordMatch,,,,,
298,PDCHandler,loadswmbn,(),0,MBNHandler,loadswmbn,mbnpath:mbnpath_from_build:modem_type,3.0,Autogen,,KeywordMatch,,,,,
299,PDCHandler,validatembn,mbn_type:subscription,2,MBNHandler,validatembn,mbnname:subs_id:remotepath,3.0,Autogen,,KeywordMatch,,,,,
300,PresenceHandler,checkcapabilitiesforauser,(),0,PresenceHandler,checkcapabilitiesforauser,name:capabilities:im_session_support:file_transfer_support,-1.0,Autogen,,KeywordMatch,,,,,
301,PresenceHandler,clearexpectedpresencefailures,(),0,PresenceHandler,clearexpectedpresencefailures,,0.0,Autogen,,ParamsMatch,,,,,
302,PresenceHandler,clearpublishtrigger,(),0,PresenceHandler,clearpublishtrigger,trigger,0.0,Autogen,,ParamsMatch,,,,,
303,PresenceHandler,createnewcontact,name:xmlpath,2,PresenceHandler,createnewcontact,name:xmlpath,0.0,Autogen,,KeywordMatch,,,,,
304,PresenceHandler,getcontactcapability,(),0,PresenceHandler,getcontactcapability,name,0.0,Autogen,,ParamsMatch,,,,,
305,PresenceHandler,getcontactlistcapability,(),0,PresenceHandler,getcontactlistcapability,contact_list,0.0,Autogen,,ParamsMatch,,,,,
306,PresenceHandler,publishnewdevicecapabilities,domain:capabilities:trigger:timeout,4,PresenceHandler,publishnewdevicecapabilities,capabilities:im_session_support:file_transfer_support:domain,0.0,Autogen,,KeywordMatch,,,,,
307,PresenceHandler,setacceptablepresencefailures,(),0,PresenceHandler,setacceptablepresencefailures,expected_failure_codes,0.0,Autogen,,ParamsMatch,,,,,
308,PresenceHandler,setexpectedpresencefailures,(),0,PresenceHandler,setexpectedpresencefailures,expected_failure_codes,0.0,Autogen,,ParamsMatch,,,,,
309,PresenceHandler,waitfornopublishtrigger,trigger:timeout,2,PresenceHandler,waitfornopublishtrigger,trigger:timeout,0.0,Autogen,,KeywordMatch,,,,,
310,PSSHandler,activatetestentityonpanda,,0,PSSHandler,activatetestonpss,panda:psstestid,,Hasan,,KeywordMatch,,,,,
311,PSSHandler,deactivatetestentityonpanda,,0,PSSHandler,deactivateallonpss,panda,,Hasan,,KeywordMatch,,,,,
312,PSSHandler,disabletxrxantennasonpanda,,0,PSSHandler,setdiversityonpss,panda:rxd:txd,,Hasan,,KeywordMatch,,,,,
313,PSSHandler,enabletxrxantennasonpanda,,0,PSSHandler,setdiversityonpss,panda:rxd:txd,,Hasan,,KeywordMatch,,,,,
314,PSSHandler,stoppanda,,0,PSSHandler,stopsimonpss,panda,,Hasan,,KeywordMatch,,,,,
315,PSSHandler,startpanda,,0,PSSHandler,startsimonpss,panda,,Hasan,,KeywordMatch,,,,,
316,PSSHandler,settxrxioronpanda,,0,PSSHandler,setlinkioronpss,panda:cellid:linkid:ior,,Hasan,,KeywordMatch,,,,,
317,PSSHandler,setcellioronpanda,,0,PSSHandler,setioronpss,panda:ior:crrid:cellid,,Hasan,,KeywordMatch,,,,,
318,RFAttenuatorHandler,calibraterfattenuator,timeout:type,2,UERxPowerMeasurementsHandler,generateuerxpowermeasurements,test_equipment:config_file,,Hasan,But UERxPowerMeasurementsHandler.generateuerxpowermeasurements may be used,KeywordMatch,,,,,
319,RFAttenuatorHandler,setrfportattenuation,technology:attenuation:rx_chain,3,M101Handler,attenuateport,serial:port:port_name:atten:max_atten:min_atten,,Jagdish,Few functionality can be achieved,KeywordMatch,,,,,
320,RFAttenuatorHandler,addcarrieraggregationset,(),0,IRATHandler,addcarrieraggregationset,ca_set_name:ports:dict1:port:type:name:rsrp_delta:dict2:port1:port2:delta,1.0,Autogen,,KeywordMatch,,,,,
321,RFAttenuatorHandler,turnoffallports,(),0,M101Handler,turnoffallports,serial,1.0,Autogen,,KeywordMatch,,,,,
322,RFAttenuatorHandler,turnonallports,(),0,M101Handler,turnonallports,serial,1.0,Autogen,,KeywordMatch,,,,,
323,RFAttenuatorHandler,turnoncarrieraggregationports,(),0,IRATHandler,turnoncarrieraggregationports,ca_set_name:ports:str1,1.0,Autogen,,KeywordMatch,,,,,
324,RFAttenuatorHandler,turnonselectports,(),0,M101Handler,turnonselectports,ports,-1.0,Autogen,,KeywordMatch,,,,,
325,SMSHandler,clearacceptablewmsfailures,(),0,SMSHandler,clearacceptablewmsfailures,subs_id,1.0,Autogen,,KeywordMatch,,,,,
326,SMSHandler,clearstoredsmsonsim,(),0,SMSHandler,clearstoredsmsonsim,subs_id,1.0,Autogen,,KeywordMatch,,,,,
327,SMSHandler,configuresmsreplyoption,(),0,SMSHandler,configuresmsreplyoption,user_ack_req:dak_req:read_ack_req:report_req:subs_id,-1.0,Autogen,,KeywordMatch,,,,,
328,SMSHandler,initiatemtsmsonice,sms_payload,1,ICEHandler,initiatemtsmsonice,sms_payload:subs_id:subs_id:pcscf_id,3.0,Autogen,,KeywordMatch,,,,,
329,SMSHandler,initiatemtsmsonwone,sms_payload:destination:smsc,3,SMSHandler,initiatemtsmsonwone,SMS_PAYLOAD:subs_id,2.0,Autogen,,KeywordMatch,,,,,
330,SMSHandler,receivemtsms,(),0,SMSHandler,receivemtsms,Technology:Transfer:subs_id,3.0,Autogen,,KeywordMatch,,,,,
331,SMSHandler,sendftaloopbackmms,(),0,DsFTASMSHandler,sendftaloopbackmms,payload:media_file:receive_timeout:sub_id:skip_receive,1.0,Autogen,,KeywordMatch,,,,,
332,SMSHandler,sendmosms,(),0,SMSHandler,sendmosms,technology:destination:channel_type:transfer:sms_payload:subs_id:operator:transfer_capability:camping_mode,2.0,Autogen,,KeywordMatch,,,,,
333,SMSHandler,sendsms,(),0,SMSHandler,sendsms,technology:destination:channel_type:transfer:sms_payload:subs_id:operator:transfer_capability:camping_mode,2.0,Autogen,,KeywordMatch,,,,,
334,SMSHandler,setacceptablewmsfailures,(),0,SMSHandler,setacceptablewmsfailures,failure_codes:subs_id,2.0,Autogen,,KeywordMatch,,,,,
335,SMSHandler,setsmsdefaultdomain,(),0,SMSHandler,setsmsdefaultdomain,technology:domian:subs_id,3.0,Autogen,,KeywordMatch,,,,,
336,StabilityHandler,installstabilityapp,(),0,StabilityHandler,installstabilityapp,source_dir:local_install_dir:map_file_path,0.0,Autogen,,ParamsMatch,,,,,
337,StabilityHandler,startstabilityandmonitorcrash,(),0,StabilityHandler,startstabilityandmonitorcrash,run_duration,0.0,Autogen,,ParamsMatch,,,,,
338,UIMHandler,changeqmiprovisioningsession,user_slot:user_app_type:session_type:activate,4,UIMHandler,changeprovisioningsession,user_slot:user_app_type:activate,,Tekpal,working is similar but resets or not not mentiones,KeywordMatch,,,,,
339,UIMHandler,checkforflexmappedstate,,0,PLTTEHandler,flexstatus,,,Tekpal,reads flex status general keyword,KeywordMatch,,,,,
340,UIMHandler,cardpowerdown,user_slot:skip_flex_map,2,UIMHandler,cardpowerdown,user_slot,0.0,Autogen,,KeywordMatch,,,,,
341,UIMHandler,cardpowerup,user_slot:ignore_hotswap_switch:expected_card_state:card_mode:skip_indications:mav:card_type:old_PL:single_app,9,UIMHandler,cardpowerup,user_slot:ignore_hotswap_switch:expected_card_state:card_mode:skip_indications,0.0,Autogen,,KeywordMatch,,,,,
342,UIMHandler,changeprovisioningsession,user_slot:user_app_type:activate,3,UIMHandler,changeprovisioningsession,user_slot:user_app_type:activate,3.0,Autogen,,ParamsMatch,,,,,
343,UIMHandler,readrecord,user_slot:user_app_type:file_id:path_length:file_path:record:length,7,UIMHandler,readrecord,user_slot:user_app_type:file_id:path_length:file_path:record:length,7.0,Autogen,,ParamsMatch,,,,,
344,UtilityHandler,msleep,,0,Interpreter,msleep,,,Jagdish,Control KW,KeywordMatch,,,,,
345,UtilityHandler,sendrawqxdmdiagcommand,command:timeout,2,DeviceConfigureHandler,sendqxdmcommand,command:fusion_port,,Jagdish,,KeywordMatch,,,,,
346,UtilityHandler,annotatelog,(),0,DeviceConfigureHandler,annotatelog,string:fusion_port,2.0,Autogen,,KeywordMatch,,,,,
347,UtilityHandler,crashphone,(),0,DeviceConfigureHandler,crashphone,,0.0,Autogen,,ParamsMatch,,,,,
348,UtilityHandler,loaddmc,dmc_file,1,DeviceConfigureHandler,loaddmc,dmc_file:fusion_port:visible,3.0,Autogen,,KeywordMatch,,,,,
349,UtilityHandler,setusbstate,(),0,UtilityHandler,setusbstate,state,1.0,Autogen,,KeywordMatch,,,,,
350,UtilityHandler,startlogging,(),0,DeviceConfigureHandler,startlogging,filename:qdss:fusion_port:summary:visible,4.0,Autogen,,KeywordMatch,,,,,
351,UtilityHandler,stoplogging,(),0,DeviceConfigureHandler,stoplogging,fusion_port,1.0,Autogen,,KeywordMatch,,,,,
352,VoiceHandler,waitforholdcallstate,,0,voicehandler,waitforholdstate(,,,Abbas,,KeywordMatch,,,,,
353,VoiceHandler,checkvoicecallstate,,0,voicehandler,checkvoicecalldetails,call_state:call_type:call_mode:call_direction:call_end_reason:call_id:call_index:subs_id,,Abbas,,KeywordMatch,,,,,
354,VoiceHandler,validateussdcompletion,,0,voicehandler,validateussdindication,server_type:ip_version:subs_id,,Abbas,,KeywordMatch,,,,,
355,VoiceHandler,endmoqmivoicecall,,0,voicehandler,makevoicecall,direction:service_type:call_type:ip_header:dial_string:subs_id:is_secure_call:ims_server_type:pcscf_id:precondition:operator:timeout,,Abbas,,KeywordMatch,,,,,
356,VoiceHandler,makemoqmivoicecall,,0,voicehandler,makevoicecall,direction:service_type:call_type:ip_header:dial_string:subs_id:is_secure_call:ims_server_type:pcscf_id:precondition:operator:timeout,,Abbas,,KeywordMatch,,,,,
357,VoiceHandler,mergevoipcalls,,0,voicehandler,mergeallvoicecalls,subs_id,,Abbas,,KeywordMatch,,,,,
358,VoiceHandler,addvoicecall,(),0,VoiceHandler,addvoicecall,direction:service_type:call_type:ip_header:dial_string:subs_id:is_secure_call,10.0,Autogen,,KeywordMatch,,,,,
359,VoiceHandler,answerussd,(),0,VoiceHandler,answerussd,name,1.0,Autogen,,KeywordMatch,,,,,
360,VoiceHandler,answervoicecall,(),0,VoiceHandler,answervoicecall,call_index:call_id:reject_call:call_type:audio_attrib:video_attrib:subs_id,1.0,Autogen,,KeywordMatch,,,,,
361,VoiceHandler,checkvoicecalldetails,(),0,VoiceHandler,checkvoicecalldetails,call_state:call_type:call_mode:call_direction:call_end_reason:call_id:call_index:subs_id,1.0,Autogen,,KeywordMatch,,,,,
362,VoiceHandler,configureautoanswer,(),0,DeviceConfigureHandler,configureautoanswer,auto_answer:answer_time,2.0,Autogen,,KeywordMatch,,,,,
363,VoiceHandler,configurecallforwarding,(),0,VoiceHandler,configurecallforwarding,service:service_class:reason:timer_value:num_type:num_plan,1.0,Autogen,,KeywordMatch,,,,,
364,VoiceHandler,configurecallvideoattributeonice,call_index:txrx_setting,2,VoiceHandler,configurecallvideoattributeonice,clientid:video_setting:subs_id:pcscf_id,3.0,Autogen,,KeywordMatch,,,,,
365,VoiceHandler,configurecallwaiting,(),0,VoiceHandler,configurecallwaiting,service:service_class:service_class_ext:reason,1.0,Autogen,,KeywordMatch,,,,,
366,VoiceHandler,droppacketsonice,(),0,ICEHandler,droppacketsonice,clientid:subs_id:pcscf_id:packet_type:media_type,2.0,Autogen,,KeywordMatch,,,,,
367,VoiceHandler,endcallonice,(),0,ICEHandler,endcallonice,clientid:subs_id:pcscf_id,3.0,Autogen,,KeywordMatch,,,,,
368,VoiceHandler,endftavoicecall,direction:call_index:fta_call_type,3,DsVoiceHandler,endftavoicecall,direction:call_index,0.0,Autogen,,KeywordMatch,,,,,
369,VoiceHandler,endvoicecall,(),0,VoiceHandler,endvoicecall,call_id:subs_id,2.0,Autogen,,KeywordMatch,,,,,
370,VoiceHandler,holdcallonice,(),0,ICEHandler,holdcallonice,clientid:subs_id:pcscf_id,3.0,Autogen,,KeywordMatch,,,,,
371,VoiceHandler,makeftavoicecall,direction:technology:service_type:call_type:ip_header:dial_string,6,DsVoiceHandler,makeftavoicecall,call_index:direction:technology:Slot_id:service_type:call_type:ip_header:dial_string,4.0,Autogen,,KeywordMatch,,,,,
372,VoiceHandler,makevoicecall,(),0,VoiceHandler,makevoicecall,direction:service_type:call_type:ip_header:dial_string:subs_id:is_secure_call:ims_server_type:pcscf_id:precondition:operator:timeout,13.0,Autogen,,KeywordMatch,,,,,
373,VoiceHandler,managevoicecalls,(),0,VoiceHandler,managevoicecalls,sups_type:call_index:reject_cause:subs_id,1.0,Autogen,,KeywordMatch,,,,,
374,VoiceHandler,managevoipcalls,(),0,VoiceHandler,managevoipcalls,sups_type:call_index:call_type:reject_cause:audio_attrib:video_attrib:subs_id,1.0,Autogen,,KeywordMatch,,,,,
375,VoiceHandler,mergeallvoicecalls,(),0,VoiceHandler,mergeallvoicecalls,subs_id,1.0,Autogen,,KeywordMatch,,,,,
376,VoiceHandler,monitorconversationstate,(),0,VoiceHandler,monitorconversationstate,duration:call_id:subs_id,3.0,Autogen,,KeywordMatch,,,,,
377,VoiceHandler,originatecallonice,(),0,ICEHandler,originatecallonice,clientid:subs_id:pcscf_id:vt_call:ipv6,5.0,Autogen,,KeywordMatch,,,,,
378,VoiceHandler,originateussd,(),0,VoiceHandler,originateussd,technology:dial_string:subs_id,1.0,Autogen,,KeywordMatch,,,,,
379,VoiceHandler,registerftavoicemtcall,call_index:answer_option:call_service_type:answer_timeout,4,DsVoiceHandler,registerftavoicemtcall,call_index:answer_option:call_service_type:answer_timeout,0.0,Autogen,,KeywordMatch,,,,,
380,VoiceHandler,releaseparticipantfromipconferencecall,(),0,VoiceHandler,releaseparticipantfromipconferencecall,participant_old_call_id:conf_call_id:subs_id,3.0,Autogen,,KeywordMatch,,,,,
381,VoiceHandler,resumecallonice,(),0,ICEHandler,resumecallonice,clientid:subs_id:pcscf_id,3.0,Autogen,,KeywordMatch,,,,,
382,VoiceHandler,toggleftavoicecallonhold,(),0,DsVoiceHandler,toggleftavoicecallonhold,,0.0,Autogen,,ParamsMatch,,,,,
383,VoiceHandler,togglevoicecallonhold,(),0,VoiceHandler,togglevoicecallonhold,subs_id,1.0,Autogen,,KeywordMatch,,,,,
384,VoiceHandler,waitforconversationcallstate,(),0,VoiceHandler,waitforconversationcallstate,call_index:duration:subs_id,3.0,Autogen,,KeywordMatch,,,,,
385,VoiceHandler,waitforincomingorwaitingcallstate,(),0,VoiceHandler,waitforincomingorwaitingcallstate,call_index:duration:subs_id,3.0,Autogen,,KeywordMatch,,,,,
386,VoiceHandler,waitfororiginationcallstate,(),0,VoiceHandler,waitfororiginationcallstate,call_index:duration:subs_id,3.0,Autogen,,KeywordMatch,,,,,
387,VoiceHandler,waitforussdindication,(),0,VoiceHandler,waitforussdindication,subs_id,1.0,Autogen,,KeywordMatch,,,,,
388,VR5FaderHandler,disablefaderoutputports,,0,SpirentHandler,disableportonspirent,spirent_name:port:port_type,,Hasan,,KeywordMatch,,,,,
389,VR5FaderHandler,enablefaderoutputports,,0,SpirentHandler,enableportonspirent,spirent_name:port:port_type,,Hasan,,KeywordMatch,,,,,
390,VR5FaderHandler,stopplayingdeeprofile,timeout,1,SpirentHandler,disabledeeonspirent,spirent_name,,Hasan,,KeywordMatch,,,,,
391,VR5FaderHandler,startplayingdeeprofile,timeout,1,SpirentHandler,enabledeeonspirent,spirent_name:file_dir:trig_mode:play_mode:loop_num,,Hasan,,KeywordMatch,,,,,
392,VR5FaderHandler,loadconfigonfader,config_file,1,SpirentHandler,loadconnsetuponspirent,spirent_name:setup_rpi,,Hasan,,KeywordMatch,,,,,
393,VR5FaderHandler,setfaderoutputportstate,port:state,2,SpirentHandler,setinterfereronspirent,spirent_name:port:port_type:mode:cton:ebno:brate:nbw:rbw:autocal,,Hasan,,KeywordMatch,,,,,
394,VR5FaderHandler,sendfadercommand,command:input,2,SpirentHandler,sendrawcommandonspirent,spirent_name:cmdstr:cmdval:valtype:skipchk:wait_time,,Hasan,,KeywordMatch,,,,,
395,VR5FaderHandler,setfaderoutputportspower,ports:power,2,SpirentHandler,setpowerlevelonspirent,spirent_name:port:port_type_in:port_type_out:inlevel:outlevel,,Hasan,,KeywordMatch,,,,,
396,WiFiHandler,waitforwificonnection,name:state:timeout:uename,4,DsWiFiHandler,ftawaitforwificonnection,ssid:timeout:ap_conn_status:uename,,Jagdish,"Need to check the parameters, in perl wifi name is used while in python ssid is used",KeywordMatch,,,,,
397,WiFiHandler,addnewwificonnection,ssid:psk_key:encryption:authentication:sec_mode:uename,6,DsWiFiHandler,ftaaddnewwificonnection,ssid:psk_key:encryption:authentication:sec_mode:conn_type:wep_key1:wep_key2:wep_key3:wep_key4:dflt_wep_key:usr_8021x_id:passwd_srv_id:domain:cert_num:inner_auth:anonymous_identity:ca_cert:client_cert:wapi_as_cert:wapi_user_cert:uename,,Jagdish,,KeywordMatch,,,,,
398,WiFiHandler,checkforwificonnection,name:state:uename,3,DsWiFiHandler,ftawaitforwificonnection,ssid:timeout:ap_conn_status:uename,,Jagdish,,KeywordMatch,,,,,
399,WiFiHandler,connecttowifi,connection_id:uename:check_connection:password,4,DsWiFiHandler,ftaconnecttowifi,ssid:check_internet_conn:Hidden_ssid:Hand_off:uename,,Jagdish,,KeywordMatch,,,,,
400,WiFiHandler,disconnectfromwifi,connection_id:uename,2,DsWiFiHandler,ftadisconnectwifi,ssid:uename,,Jagdish,,KeywordMatch,,,,,
401,WiFiHandler,removewificonnection,ssid:uename,2,DsWiFiHandler,ftaremovewificonnection,ssid:uename,,Jagdish,,KeywordMatch,,,,,
402,WiFiHandler,scanforwifinetworks,conn_type,1,DsWiFiHandler,ftascanforwifinetworks,conn_type:uename,,Jagdish,,KeywordMatch,,,,,
403,WiFiHandler,setdevicewificlientstate,status:uename,2,DsWiFiHandler,setftawificlientstate,status:uename,,Jagdish,,KeywordMatch,,,,,
404,WiFiHandler,windowshostaddwifi,filename:interface:user,3,DsWiFiHandler,windowshostaddwifi,filename:interface:user,0.0,Autogen,,KeywordMatch,,,,,
405,WiFiHandler,windowshostdeletewifi,name:interface,2,DsWiFiHandler,windowshostdeletewifi,name:interface,0.0,Autogen,,KeywordMatch,,,,,
